X,Y,Z,Category
1.7358347441853916,0.02450210455195767,0.27264366616880165,C0
1.6393424812220736,0.08612745089915269,-0.276435468,C0
1.5627022610599277,-0.023361354,-0.072971847,C0
1.6220611493395134,-0.186953833,0.37498723770834025,C0
1.4966502685290308,-0.006492738,0.12250466002829336,C0
1.6897014659300957,-0.349680905,0.13206107946324963,C0
1.5000594161124141,-0.172193572,-0.298296018,C0
1.4165034997845596,-0.195655897,-0.036226474,C0
1.7280186688887456,0.08659167911186146,0.06918632435099387,C0
1.6017916500123475,0.1543679435844777,0.5019063801742083,C0
1.3108196283349367,0.20017010280125916,0.29555134145767453,C0
1.3586361044904203,0.5321746324686594,0.15111280114062053,C0
1.8520326763242962,0.33333903228937733,0.03158480363524707,C0
1.193480263922547,0.4106631672244353,0.047827243904846994,C0
1.3902488045926655,0.09937646367153485,0.4527546310124516,C0
1.773683701131191,0.3471236847275531,0.31549613283164984,C0
1.680355381689344,0.03184277258521295,0.37355861592296885,C0
1.5491953922688577,0.08100876631047815,0.25373408304236383,C0
1.4659878213713258,-0.001791486,0.39850401662556384,C0
1.2721706153396706,0.19598965535956528,0.6274080781692228,C0
1.7130511759284757,0.024422755067034924,0.46822179674058473,C0
1.1721293461890543,0.14464713748245933,0.826258815235839,C0
1.4854581620532308,0.5927415850079953,0.4324792599216793,C0
1.622058556716058,0.5572860997476132,0.6433034840925889,C0
1.2856140424306468,0.2553939297947634,0.55907152225199,C0
1.4362904446499207,0.6430529070683146,0.6942944042357715,C0
1.244693773443144,0.4444870453628771,0.4558333678541998,C0
1.6616682427142244,0.34742711613057214,0.8810327380584735,C0
1.4416015612762298,0.4292070584101062,0.48645403404574095,C0
1.2150580033257885,-0.068244577,0.3375610958206089,C0
1.2207298816285252,0.4310856621677492,0.7714456270203855,C0
1.4035318977817965,0.4809073054563313,0.9001783580789414,C0
1.2147025402230847,0.07382634257129816,0.6457306469275592,C0
1.7461519381072144,0.5810086486907194,0.7829339783892459,C0
1.4795843331279959,0.5235497218715078,0.6504207849760274,C0
1.404852168431181,-0.118482139,0.7114578239630591,C0
1.2485969666000944,0.4440016749179613,0.5794742162490367,C0
1.4686758014832033,0.6971001262013686,0.8987759563169853,C0
1.3144846217870287,0.7499292734747345,0.9180491864073969,C0
1.102453305653072,-0.072735023,0.7867872832255418,C0
1.0841295821871821,0.2645615070798576,0.5985115107333708,C0
1.430093023719992,0.5633996315802419,0.6009978809000058,C0
1.5683194133613585,0.3707576507323659,0.7863837317175325,C0
1.0243332937709946,0.5423010794172264,1.0050525978915,C0
1.323625288000577,0.5421270226920968,0.5278541223633574,C0
0.9391897902833204,0.5140939153241647,0.7435018192530132,C0
1.1726447513145741,0.259159052047713,0.8639758603062799,C0
1.112239351545244,0.2939801896775312,1.131017303220089,C0
1.305834486829108,0.7233394609687654,0.9161163915405357,C0
1.5185444515209858,0.7354288744166544,1.2312488958193324,C0
1.4387446841302276,0.49208150566771786,1.1950431979608964,C0
1.0508743259012285,0.5359188944285244,0.962145161700516,C0
0.8266053231649491,0.4090244491667173,1.0892468370383028,C0
1.2160900016383365,0.7380263234610241,1.0748973357400582,C0
0.6506902534830497,0.7817253237019529,0.8143986186642519,C0
1.2816115615172632,0.6057230264498119,0.7699160147688973,C0
1.1514718720144463,0.7752420717251055,1.040173402308251,C0
1.2760217306228923,0.4035535012036889,0.9364434082438453,C0
1.3093571647102382,0.5250255041075951,1.120905239214879,C0
0.986079444496616,1.0053280224962768,0.9847527472473221,C0
1.032284581525091,0.7850592263487473,1.1283371843887808,C0
1.4305718952832274,0.9722090623753423,0.7168195381066993,C0
1.150638796187825,0.29251248447545447,1.291202726176996,C0
1.073026306830266,0.45666192898106045,1.1899003982454046,C0
1.1188290987529967,0.5890709116430833,1.1266369702780445,C0
0.8969227770224661,0.7468893996603925,0.8719876196410694,C0
0.7544654503264079,0.5771654629813813,0.5392874342166742,C0
0.6566934499618291,0.8640359583627338,1.0008669519377764,C0
0.9681633471574794,0.9426563923812618,0.9553940713383935,C0
0.9704440181793936,0.8412200076634755,1.1975776096482371,C0
0.9992328692448186,0.8940199301119214,1.2378376170892424,C0
0.9602549545421544,0.9489587417016374,1.1788718405854597,C0
1.073354402919763,0.5919517027161396,0.4822999170733568,C0
0.5777096513457651,0.3061520894861635,0.9971353198694548,C0
0.74765445715188,0.9922084101171113,0.8956609389100062,C0
0.7663330977852932,0.7901723258248883,1.0858547665781224,C0
1.0347913726272184,0.7277257472433859,1.1133702665026546,C0
0.8728290933300104,0.9519741449645547,0.9599988321162838,C0
1.1287393134868353,0.4598277647197572,1.1814718960764858,C0
0.6986480941366208,0.539724804885162,0.8649199710031639,C0
1.199768374896974,0.8731643328314233,0.7285268929938962,C0
0.9765458523215982,0.730911556951332,0.8104651107676332,C0
0.6806317631793315,1.2267883844028367,0.9013170482276432,C0
0.4700837948542503,0.8234850145291628,0.5702776304232688,C0
0.8507457092460936,0.5100750119003493,0.8612785833585451,C0
0.7093036571643226,1.1377569573730637,0.8159677232164464,C0
0.8971039179887379,1.428908560283236,0.8242255409998436,C0
0.7161643767824336,0.8277323387712054,0.8307268367899601,C0
0.578109826470768,0.6850687498419425,0.6631970813114194,C0
0.8847570496847216,1.1476600072535343,0.8235687519801027,C0
0.7457960551968317,1.1286664538537374,0.8568088866870402,C0
0.366784142121839,0.8142056907170464,0.9405146729766491,C0
0.5648604550387945,0.8797510166042696,0.6322450774488236,C0
0.5844844057387907,0.8002184445689394,0.7295124496225641,C0
0.5572059470160405,0.7151962943541007,0.6373712531145114,C0
0.6864135403911841,1.0390521952313339,0.4342542484448121,C0
0.42904612767968453,0.6035613756583682,0.6708322669649525,C0
0.5404191763395619,0.6888832290571821,0.309031271321913,C0
0.37765941668896347,0.8853846122320964,0.7855589931051659,C0
0.3812961306787144,0.7102393453603196,0.8169002904558402,C0
0.2815338911388172,0.8047677530917045,0.4700458037209634,C0
0.5975835339053526,1.2601359015282936,0.44230898100704297,C0
0.6063780034315995,0.9434350196126466,0.4494706127907846,C0
0.34371634868693507,1.3101020697112657,0.17963942870192645,C0
0.5098474876295481,0.7809286104588644,0.6417791395000266,C0
0.503195106447587,1.249429351279601,0.6536379740215917,C0
0.3764163355115288,1.066078779262573,0.4750291772012115,C0
0.2513345671018288,0.7745981989696954,0.719803873490893,C0
0.5159705017394257,1.019018126962304,0.39504022080469575,C0
0.2754290006583457,1.1033420473969615,0.2874684256017778,C0
0.4569276989777227,0.9703759227844777,0.44124073748829595,C0
-0.012447218,0.8440889413276433,0.45300306463621914,C0
0.19784247611811026,1.2595934664014448,0.2710550236313831,C0
-0.08362235,1.1653229697414393,0.4625046535294717,C0
0.18240245201960748,1.0560678423311414,0.5836702540944527,C0
0.11804678334260572,0.9985468807050026,0.3910750475594303,C0
0.14551683951702293,1.1399861190066307,0.3630215296138709,C0
-0.295009631,0.9384535632601967,-0.071945529,C0
-0.193777654,1.1149780361632455,0.21202823340066215,C0
0.2068239831897004,1.0018077497514406,0.11320212400818126,C0
-0.376794815,0.8167761986785259,0.23312506111600537,C0
0.09588397863407334,0.6798913212650675,0.32758715191693943,C0
0.4179758635635664,1.0636283545770817,0.08581468722146922,C0
-0.1978601,0.821391041122887,-0.35571077,C0
0.21908862081542124,0.9624365540227583,-0.031917996,C0
-0.386656595,0.8936084382904378,-0.188525271,C0
-0.189947158,0.9825979226767203,0.20783137626026404,C0
0.09492957292253701,1.3356038645288517,-0.247832578,C0
0.12235640179673346,0.9308124671224505,-0.061909164,C0
0.1528008226103288,0.7533727180873638,-0.146285855,C0
-0.113600426,1.0898261152784445,0.04226158425871776,C0
-0.277657036,1.1920451637039258,-0.141125322,C0
-0.326811961,0.889310605930497,-0.214436023,C0
-0.222523266,0.9956928786379511,-0.349970433,C0
-0.236411299,1.1307531609733301,0.08575427897609134,C0
-0.168490666,1.271283778707326,-0.125542671,C0
-0.016658624,0.7957712616912529,-0.360623134,C0
-0.467066866,1.0804745510071854,0.1268541671639869,C0
-0.010641898,0.9655032974289035,0.15477447232538893,C0
-0.337103438,0.8763913253998676,-0.178475284,C0
-0.425262342,1.1807461528054046,-0.57764377,C0
-0.478419853,0.6682809335329212,-0.252714674,C0
-0.080943303,0.7892077255744095,-0.378646107,C0
-0.450095463,0.7080506192043017,-0.690608845,C0
-0.663359607,0.8629920065872557,-0.536426161,C0
-0.261474648,0.8981236541137794,-0.367002429,C0
-0.633556174,0.7736511491935958,-0.269606105,C0
-0.108172408,0.5613912732814779,-0.307061281,C0
-0.484656392,1.1876004716808077,-0.520888539,C0
-0.238693836,0.817497556885195,-0.406477351,C0
-0.510204004,0.9671184956758297,-0.602207181,C0
-0.430668399,0.9276960265292622,-0.575305837,C0
-0.753974231,0.8867152657855512,-0.466558278,C0
-0.42698806,1.0972957085456445,-0.622353594,C0
-0.755964308,0.9678088233456097,-0.6268702,C0
-0.721366559,0.7807571925191126,-0.711132983,C0
-0.53304644,1.124279555411395,-0.658298297,C0
-0.142048411,0.9230749932826882,-0.449660108,C0
0.06727858482539051,0.9262924499020557,-1.066477753,C0
-0.648095362,0.7324680940868628,-0.787163622,C0
-0.443516383,1.0685286283729658,-0.722326051,C0
-0.921567659,0.8987245372910355,-0.62159529,C0
-0.858456938,0.7994513845992417,-1.011488885,C0
-0.809074784,0.9667944329440018,-0.796525737,C0
-0.584633237,0.9357061414239883,-1.172972857,C0
-0.336085037,0.9518187220649726,-0.743085731,C0
-0.770386664,0.8590414689305667,-0.856929582,C0
-0.575620076,0.7232642010071413,-0.880905728,C0
-0.538444246,1.107137081482445,-0.528533655,C0
-0.732820007,0.32926251926502614,-0.837858865,C0
-0.54571661,0.8619627039202744,-0.929144625,C0
-1.199675487,1.0779338112040981,-0.728197082,C0
-0.870353883,0.7919177124822669,-0.922612022,C0
-0.974105083,0.9152125907925834,-0.821405186,C0
-0.855584482,0.9609519720254146,-1.167454051,C0
-0.742693745,0.8181961795889323,-0.945024388,C0
-0.886901109,0.6621098214016333,-0.905901777,C0
-0.789506302,0.7043417194650038,-1.142019356,C0
-0.904985414,0.7124754943798405,-0.874967989,C0
-1.053915671,0.54816826272052,-0.846997131,C0
-1.04355899,0.22309424776497977,-0.960531391,C0
-0.939354877,1.0218139540522442,-1.236771035,C0
-0.961912902,0.5647134985250406,-0.832088891,C0
-1.058329106,0.32647469159245335,-1.05429829,C0
-1.099530534,0.4776642453424472,-0.626123299,C0
-0.993807547,0.41786291623944904,-1.26923353,C0
-0.5790582,0.5873200776900643,-0.838458355,C0
-0.962958965,0.2075960902859474,-1.04177601,C0
-0.846056696,0.15128686615331055,-1.207682592,C0
-1.212215003,0.6013556177096542,-1.277085558,C0
-1.248013095,0.7117765461625584,-0.938043559,C0
-1.153154559,0.9789493507368009,-0.912465387,C0
-0.868716496,0.9134726879864994,-0.998437392,C0
-1.137807361,0.5262875165737038,-1.095395591,C0
-1.160349288,0.7469667646601327,-0.610578362,C0
-1.198355644,0.4451104047444389,-0.945601003,C0
-1.150069848,0.6755406320746012,-1.217427904,C0
-1.369949706,0.9060885256787525,-1.138332608,C0
-1.26683489,0.45563264777845236,-0.858691308,C0
-1.079989874,0.3531705270780535,-1.038114592,C0
-1.468587637,0.8746224352087371,-0.79033256,C0
-1.204484808,1.2197507730846064,-0.771821333,C0
-1.301096062,0.9122688652929369,-0.861675782,C0
-1.151603009,0.16114684700434034,-1.058799058,C0
-1.192997681,0.7460891480502844,-0.939785712,C0
-1.581814035,0.3124737595675197,-1.087733056,C0
-1.385725925,0.4572885024440736,-0.628581041,C0
-1.362020924,0.6499803255909511,-0.90963464,C0
-1.06084142,0.673753352054049,-1.201270197,C0
-1.361484766,0.8057520051675041,-0.965720725,C0
-1.080254974,0.9017834251285675,-0.73967971,C0
-1.343996087,0.77341349478235,-1.217012257,C0
-1.620848941,0.582820453859905,-0.833996679,C0
-1.287234597,0.09458409630661152,-0.756550182,C0
-1.418265663,0.5781248835297916,-1.084656223,C0
-1.324093716,0.40981161997273613,-0.88653828,C0
-1.351675502,0.33006789641415424,-0.672231657,C0
-1.703769259,0.3182773157114416,-0.497028137,C0
-1.755914783,0.832632631400587,-0.97935641,C0
-1.549921102,0.3642002061676942,-0.767526244,C0
-1.570287055,0.3668543176107651,-0.662514441,C0
-1.573256527,0.43453116477577003,-0.808844695,C0
-1.50059489,0.3998815450146643,-0.699537053,C0
-1.404011569,0.5912968715452225,-0.609771535,C0
-1.603114941,0.2899962262003478,-0.477731114,C0
-1.598607678,-0.089593947,-0.402875262,C0
-1.465187639,0.01601118543762725,-0.311823756,C0
-1.679223329,0.6686454438475103,-0.612129409,C0
-1.457826285,0.40276243011356616,-0.390998454,C0
-1.525922353,0.38072253371967957,-0.584208641,C0
-1.182916596,0.4077433825887764,-0.537261411,C0
-1.451600837,0.3012003887334084,-0.377647478,C0
-1.670934636,-0.031460582,-0.310185821,C0
-1.455154432,0.3489356556371327,-0.288907887,C0
-1.373819477,0.03129317188532427,-0.3015265,C0
-1.484276091,0.2736888648441589,-0.067963889,C0
-1.623050057,-0.224426549,-0.442696888,C0
-1.612956011,-0.060307871,-0.653129118,C0
-1.679077987,0.11114122918406444,-0.289815452,C0
-1.720709681,0.27303515707400977,-0.198659462,C0
-1.43545174,0.30582937844137104,0.22515564725248927,C0
-1.509622245,0.40798753137489696,-0.163994518,C0
-1.368243537,0.1469025466799095,-0.505421202,C0
-1.152496183,0.21547832007795278,-0.075070047,C0
-1.709999787,0.2914220487009558,-0.265097193,C0
-1.147936537,0.08769438184009726,-0.440788854,C0
-1.51776737,0.09508283755345992,-0.253078884,C0
-1.574792445,0.16723472571768913,-0.016160172,C0
-1.478018719,-0.092458235,-0.186802525,C0
-1.58890356,0.1825370735685687,0.09522998050234334,C0
-1.526358666,-0.16471339,0.28007679682020525,C0
-1.335531449,-0.133583543,0.1870066089827722,C0
-1.251268284,0.19771661449882794,-0.038348374,C0
-1.585394105,-0.146999094,0.07820042907309649,C0
-1.429004449,-0.303347719,-0.068320467,C0
-1.540106473,0.0004403363728312376,0.3434370961471056,C0
-1.429463035,-0.314221777,0.6193932425829629,C0
-1.585389687,-0.214353508,0.2576211608904594,C0
-1.419840742,-0.362116512,0.3562474970112328,C0
-1.519831491,0.16142742268571253,0.34094856080777447,C0
-1.435508522,-0.107946812,0.31286360820381454,C0
-1.382064237,-0.13712187,0.4345549414541284,C0
-1.43801532,-0.088123394,0.2923816143595393,C0
-1.221872947,-0.167359005,0.11491429542138895,C0
-1.321223524,-0.206481477,0.37793753419801396,C0
-1.635706444,0.0201633096172196,0.4418282115947553,C0
-1.73096691,0.18212259172018364,0.6352836980507779,C0
-1.473998997,-0.043621064,0.28838559859320456,C0
-1.280815405,-0.251729906,0.40666333550061856,C0
-1.724260943,-0.060344666,0.20325924693531644,C0
-1.294333461,-0.021463004,0.6188882699689102,C0
-1.657434365,-0.241564336,0.23935541933935395,C0
-1.714579493,-0.438245271,0.6840979350755689,C0
-1.231790826,-0.506709189,0.572108083985608,C0
-1.723684058,-0.503518666,0.4468050330244556,C0
-1.356928422,0.12213126932700052,0.4159149426395418,C0
-1.325196858,-0.247206365,0.8725645919388965,C0
-1.302591615,-0.360011455,0.6686170684507596,C0
-1.490352518,-0.260260373,0.6104538867744018,C0
-1.424871546,-0.133726323,0.662922344089887,C0
-1.295354775,-0.351523551,0.6841253041885514,C0
-1.278385164,-0.763209225,0.4669896421811073,C0
-1.382742884,0.09705076892562015,0.8108286825602194,C0
-1.575060113,-0.222827347,0.5408749631044891,C0
-1.192908724,-0.315071844,0.821483733432029,C0
-1.371909207,-0.627723513,0.5274768057044027,C0
-1.259605185,-0.680143512,0.6767503938959887,C0
-1.044942771,-0.606121248,0.8441543730527686,C0
-1.029743324,-0.501287642,0.9180105239084513,C0
-1.335563864,-0.566974072,0.9189755765368232,C0
-1.451510878,-0.342980794,0.6571218795233891,C0
-1.548619355,-0.572497321,1.024897932377336,C0
-1.503607358,-0.551464324,0.9055913683303132,C0
-1.078972077,-0.546534156,1.0989298814219985,C0
-1.089799966,-0.271350396,1.0694404007362173,C0
-1.069272572,-0.172881735,0.8905858320215857,C0
-1.334475335,-0.814789599,0.813228187473722,C0
-1.076517576,-0.692453219,1.0996912719278307,C0
-0.988434947,-0.751007888,0.9314387142719531,C0
-1.288760544,-0.730472788,0.7122342759921702,C0
-1.615794557,-0.595854933,1.4204080357026863,C0
-1.306493189,-0.513271729,0.8809840072834643,C0
-1.222769363,-0.538115024,0.8411992962948144,C0
-1.09947667,-0.565158124,1.160279018897447,C0
-1.077298899,-0.573384615,0.9276614067044258,C0
-1.128717696,-0.977500931,1.175301735900522,C0
-1.627703405,-0.535549407,1.2052022869430397,C0
-1.372376619,-0.567373843,1.2873564994860998,C0
-1.259789908,-0.338048355,1.2512651673654926,C0
-1.277161567,-0.686854975,0.9653406152158444,C0
-0.977510827,-0.614873676,1.2347563867510112,C0
-0.989622835,-0.588612235,1.0836234120907553,C0
-0.949350777,-0.651633099,0.967568911786065,C0
-0.755252524,-0.719350897,0.9383346445591916,C0
-0.919457174,-0.840552289,0.7509821753217016,C0
-1.095135945,-0.291589442,1.2316459695733815,C0
-0.703252318,-0.642457098,1.1575725422956407,C0
-0.594450016,-0.317289785,1.1282943034155573,C0
-0.891084363,-0.928472128,0.6067884367873928,C0
-1.210437644,-0.816751508,0.8733235934671638,C0
-0.779711381,-0.768074297,0.7322436439225783,C0
-1.300466321,-0.918653048,0.7868643745259813,C0
-0.837262119,-0.807572346,0.5785173988624077,C0
-0.800012859,-0.737317453,0.6583557581821844,C0
-0.972104617,-0.948946741,0.7686742885985539,C0
-0.973585251,-0.862793678,0.6718685500985209,C0
-0.341697236,-0.445596913,0.9774007426342737,C0
-0.769564455,-0.941204249,1.0108732955996718,C0
-0.496305011,-0.966942434,0.5114636335085487,C0
-0.87084485,-0.680331738,1.0570381291857625,C0
-0.58146328,-0.751994888,1.2991341112128507,C0
-0.779742697,-0.660958084,0.9474211332831068,C0
-0.742097016,-0.792635748,1.1275790765930491,C0
-0.773694969,-0.662029811,0.7208357505693618,C0
-0.68926349,-0.718818681,1.019974831503324,C0
-0.629259754,-0.533121406,0.9505991293433095,C0
-0.689106113,-1.057950324,0.659964673268868,C0
-0.633365709,-1.201926153,0.7788016181344326,C0
-0.519145541,-0.859469342,0.6235639333706164,C0
-0.665573874,-0.648102856,0.7308788947738316,C0
-0.725154617,-1.111130718,0.6199199698296733,C0
-0.651561104,-1.02544576,0.7277377515707625,C0
-0.751099949,-0.656104976,0.9093337264773702,C0
-1.13508213,-1.302077033,0.5015144939737735,C0
-0.875284639,-0.942346669,0.4240995191125446,C0
-0.613562226,-1.48037788,0.6159665252568514,C0
-0.080926224,-0.843002514,0.8789156258697424,C0
-0.199959089,-1.224235012,0.5443597339290271,C0
-0.036107083,-1.367584973,0.6250072146815789,C0
-0.500751867,-0.897948627,0.31965727301574004,C0
-0.394577906,-1.213211582,0.2354124343153372,C0
-0.146142912,-0.663850081,0.5932556495639713,C0
-0.249353713,-0.801554297,0.4118754541404123,C0
-0.081896087,-0.959155356,0.12477380023091861,C0
-0.503726246,-0.879184945,0.01926356805356394,C0
-0.554652921,-1.114652691,0.5423548637043087,C0
-0.284138613,-0.632483555,0.16700958246258152,C0
-0.367159837,-1.07228101,0.6694727302206914,C0
-0.598830078,-1.150942595,0.5088247913629147,C0
-0.352643246,-0.900678518,0.298682953370847,C0
-0.337447258,-0.8457121,0.4915040422284235,C0
0.01959107650730449,-1.186120622,0.32509248315266065,C0
-0.156696801,-0.887625269,0.8477412296680917,C0
-0.094049141,-0.715732711,-0.004310081,C0
-0.170000842,-1.049581038,0.031173533589654412,C0
-0.487449613,-0.635186789,0.23799055899592336,C0
0.1761580051659066,-0.867481283,0.4829061026418764,C0
-0.171763798,-1.440490179,0.36651620843572597,C0
0.3393671339752468,-1.017596212,0.041447028574952735,C0
-0.339037925,-1.147539893,0.033779439399836866,C0
-0.113633361,-0.788739777,0.1028049140013762,C0
-0.148779712,-0.98138554,-0.147793051,C0
-0.170752252,-0.98574517,0.17636157633377875,C0
0.19168946364377956,-0.954751409,0.22907760008878233,C0
0.056391511541915754,-0.654237551,0.32611923370258367,C0
-0.051636416,-0.925491859,-0.168887403,C0
0.01930992145178098,-1.127406023,-0.242324063,C0
-0.016088323,-0.948789735,0.5373538440456289,C0
-0.14130913,-1.022610823,-0.03210667,C0
-0.067990109,-1.023019328,0.03862604195028481,C0
0.4621332049121065,-0.769677162,-0.123398842,C0
0.08546676278012016,-1.241952181,-0.290964739,C0
-0.060035137,-1.018804484,-0.158122345,C0
0.37461120041662804,-1.022415568,-0.346807714,C0
0.3976350875240491,-1.346058108,-0.227172069,C0
0.07919435144806916,-0.88337395,-0.125364563,C0
0.16250973088718818,-0.924007532,-0.442098459,C0
0.19053044624143473,-0.845927304,-0.260217052,C0
0.43463342674644656,-0.799647118,-0.260585717,C0
0.4696441824488443,-0.683068797,-1.015617124,C0
0.18011655608467703,-0.85062817,-0.607760131,C0
0.452280872357251,-1.175154059,-0.343813275,C0
-0.023972621,-0.858486003,-0.306285298,C0
0.23861419908002796,-1.30470427,-0.539195329,C0
0.42804921092622944,-1.180463193,-0.300499386,C0
0.3534002570714651,-0.9023621,-0.280304146,C0
0.6189635761464298,-0.833201334,-0.392310595,C0
0.654995123862024,-0.888949185,-0.477039593,C0
0.47921661576242014,-1.105398782,-0.624562811,C0
0.6393426249397156,-0.864884018,-0.531843595,C0
0.4541384802748629,-1.039784555,-0.663270166,C0
0.32824175640535724,-0.825652097,-0.663398453,C0
0.6976900242775752,-0.997714166,-0.405195822,C0
0.4294531058806359,-0.619699631,-0.735819022,C0
0.28875535580188877,-1.211242887,-0.62853602,C0
0.7107214758010872,-0.755082424,-0.633788547,C0
0.590747547391237,-0.708199041,-1.276503854,C0
0.5912962275504743,-0.92594061,-1.025957791,C0
0.9228143207351334,-0.83969875,-0.879031984,C0
0.574196145307797,-1.175973453,-0.852257875,C0
0.37230336168248673,-0.782117752,-0.965950688,C0
0.6566893803761052,-0.852678059,-0.976277378,C0
0.4189985824188038,-0.775487271,-0.52155598,C0
0.828018250461771,-0.972963119,-0.743171134,C0
0.989442119851383,-0.514258655,-0.777559361,C0
0.6100967212998459,-0.744858328,-0.698963888,C0
0.8655728803193425,-1.043895269,-0.897241766,C0
0.7687006246401236,-0.808661439,-0.703404599,C0
0.8075042933182172,-0.647202735,-0.984354901,C0
0.7612453120049669,-0.748968978,-0.614521508,C0
0.5642037013087267,-1.05902464,-0.966969134,C0
1.1995504993777029,-0.932048114,-0.505951474,C0
0.5656388845823943,-0.912144316,-0.890501716,C0
0.553016873640824,-0.534320482,-0.929267374,C0
0.7122818617294253,-0.898892376,-0.465767558,C0
0.5586935058301095,-0.799840447,-1.15671508,C0
0.6794267371841292,-0.952683867,-0.990437174,C0
0.8677285261965991,-0.904253133,-1.097049226,C0
0.6475504220868689,-0.613897537,-0.87217567,C0
0.5438187064672982,-0.83198474,-0.740965616,C0
0.7786670219283139,-0.74873045,-1.011824296,C0
1.3222509977168277,-0.673986737,-1.012339154,C0
0.7135132055380378,-0.48688012,-0.804233643,C0
0.7139914369658156,-0.734533928,-1.145713967,C0
0.8890032591645786,-0.612142122,-0.870920559,C0
0.8778413957513863,-0.55634323,-1.27115973,C0
1.156716466140758,-0.872390135,-1.142883094,C0
1.1331886045829949,-1.274834105,-0.846219378,C0
1.2631977692473848,-0.870441491,-0.953631413,C0
1.1005309673571426,-0.596609026,-0.888937005,C0
0.8597603097562829,-0.981280592,-0.720740735,C0
1.1414384008111433,-0.419397524,-0.975081348,C0
0.8166113035883598,-0.339555513,-0.729273998,C0
1.3490981139008382,-0.687025876,-1.293998974,C0
0.9442629801445398,-0.183973543,-1.049992106,C0
1.0391145613128927,-0.916399384,-1.296627069,C0
1.5224323850691628,-0.369026229,-0.940082103,C0
1.2941121078389666,-0.873403084,-0.721584559,C0
1.3544558070588215,-0.51013291,-1.069135949,C0
1.4732357826215086,-0.766296133,-1.116754761,C0
1.0670670430730573,-0.463747417,-1.293904219,C0
1.0452180918965774,-0.420585986,-1.035562249,C0
1.1498847680911108,-0.590613395,-1.027197485,C0
1.1596287945392192,-0.535515823,-1.266395763,C0
1.211935557655053,-0.429948337,-0.787095133,C0
1.5360845127540173,-0.391351326,-0.88689712,C0
1.3478198430083779,-0.363223296,-0.680923386,C0
1.2589522549901722,-0.692468155,-0.816136926,C0
1.2691103962463797,-0.336313977,-0.538651033,C0
1.2875935093707347,-0.537274023,-0.731199451,C0
1.3405763933848032,-0.250150895,-0.60230642,C0
1.3124056279576615,-0.439686877,-0.795412468,C0
1.3322122273185082,-0.415323301,-0.672407812,C0
1.392040174292055,-0.308075486,-0.487292962,C0
1.6262870544697323,-0.49256944,-1.083043539,C0
1.2390230664657003,-0.345219721,-0.901674297,C0
1.3375601699797324,-0.220287005,-0.627590876,C0
1.3404315948889316,-0.313236232,-0.662730414,C0
1.317913775850832,-0.592315209,-0.578610412,C0
1.2895366322979975,-0.338086024,-0.620286726,C0
1.2626662926849408,-0.423057824,-0.479640117,C0
1.368122725985329,-0.273964919,-0.512464298,C0
1.108833625984808,-0.337473313,-0.571840179,C0
1.7686486050031132,-0.346182169,-0.656256687,C0
1.4699586385998202,-0.415547565,-0.418249672,C0
1.2355463379483145,-0.792145362,-0.766407961,C0
1.191687141368289,-0.461181813,-0.509553135,C0
1.3840883540884863,-0.222510935,-0.418968804,C0
1.5013968921706278,-0.424389647,-0.585258898,C0
1.558355565451788,-0.239536856,-0.39645506,C0
1.4520167328479943,-0.565674378,-0.321028588,C0
1.3871013083418962,-0.515798144,-0.380729523,C0
1.5594679764605863,-0.132857157,-0.491052339,C0
1.6259951783954891,-0.205673088,-0.247990917,C0
1.7469972205226296,-0.424596186,-0.128260436,C0
1.1242381180825884,-0.095238028,-0.330456643,C0
1.2900913854680982,-0.219225913,-0.312107708,C0
1.1687896848534038,-0.266313711,-0.280364153,C0
1.2929842509118743,0.054035667777476454,-0.150483307,C0
1.4272834814762427,-0.166773448,0.033417564844653525,C0
1.822239656215525,-0.073912532,-0.424274073,C0
1.1907311504161584,-0.244555694,0.09622975362341549,C0
1.6914625059355928,-0.099666228,-0.109996364,C0
1.3345884634826608,0.4780114376422354,-0.089239399,C0
1.091378824547872,-0.123066497,-0.267324414,C0
1.6204280811452452,-0.020748021,-0.126145322,C0
1.6250861506559227,0.05341889928227496,-0.194107388,C0
1.597849326882111,-0.009688966,0.01717710165782451,C0
1.5603687409051492,0.12341157490692725,-0.194534141,C0
1.777735239235482,0.08726419741378719,-0.123581815,C0
-1.828018707,-1.138931529,0.33724684100106406,C1
-1.258619904,-0.9056752,0.12045772714563291,C1
-1.416574301,-0.711232939,-0.258119499,C1
-1.215633629,-1.260788317,-0.123327869,C1
-1.500081041,-1.055265764,-0.242234598,C1
-1.390422324,-0.983630817,-0.131468917,C1
-1.549463232,-1.252411318,-0.277085355,C1
-1.663485163,-0.93889929,-0.009014202,C1
-1.913038374,-1.134656109,-0.094679729,C1
-1.579501197,-0.664169008,-0.25304392,C1
-1.671051186,-0.852352237,-0.463467288,C1
-1.442238272,-0.966916359,-0.273128588,C1
-1.657739919,-0.95466275,-0.59356422,C1
-1.291670263,-0.774838933,-0.420764903,C1
-1.160736951,-1.262278622,-0.362270364,C1
-1.132673797,-0.959450091,-0.675170226,C1
-1.128416089,-0.907143782,-0.370313931,C1
-1.127205925,-0.310771327,-0.563043484,C1
-1.598884567,-0.779555187,-0.586632608,C1
-1.405060546,-0.566059476,-0.511991753,C1
-1.587662792,-1.10639235,-0.083842612,C1
-1.355528473,-0.74308555,-0.548914818,C1
-1.668037963,-0.671900819,-0.450578882,C1
-1.614675505,-0.439934993,-0.462508945,C1
-1.7317034,-0.487765609,-0.52039497,C1
-1.468773502,-0.536961241,-0.628378102,C1
-1.435434492,-0.745898505,-0.500786874,C1
-1.624255898,-0.390337147,-1.012199411,C1
-1.125343215,-0.801466913,-0.512509617,C1
-1.182111995,-0.820077949,-0.898353814,C1
-1.416762719,-0.592544331,-0.408769944,C1
-1.476618072,-0.902258818,-0.698693917,C1
-1.221160689,-0.623068941,-0.352398364,C1
-1.376814663,-0.941130916,-0.369183303,C1
-1.408610017,-0.765318353,-0.816055309,C1
-1.333685874,-0.241450176,-0.789565067,C1
-1.303298657,-0.073677804,-0.925955389,C1
-1.403277526,-0.803784002,-0.999082009,C1
-1.042989565,-0.295470633,-1.269450013,C1
-1.279635169,-0.703918108,-0.828061764,C1
-1.406554863,-0.257600154,-1.042233583,C1
-1.287691458,-0.425258967,-1.297778322,C1
-1.351646928,-0.472716419,-0.619514448,C1
-1.323396226,-0.481265347,-0.964601241,C1
-1.060636966,-0.343341603,-0.537084581,C1
-1.257036335,-0.234713928,-0.596141794,C1
-1.09234049,-0.401695509,-0.93870976,C1
-1.090779475,-0.363838097,-1.013836749,C1
-1.29782094,-0.554797715,-0.794292236,C1
-1.061629836,-0.263840431,-0.753180212,C1
-1.082650763,-0.505296508,-0.901629088,C1
-1.34786072,-0.151480611,-0.984265896,C1
-1.367300898,-0.261258164,-0.686858507,C1
-1.031982432,-0.478056363,-0.999788011,C1
-1.269384073,-0.64368582,-0.632395022,C1
-1.415543801,-0.218962684,-0.735686679,C1
-1.021912947,-0.412880265,-0.78857877,C1
-1.093942026,-0.475332625,-0.914418096,C1
-1.498175312,-0.415730032,-0.989160655,C1
-1.345173939,-0.200007684,-1.2097284,C1
-1.243183417,0.01011252745995711,-0.999607541,C1
-1.185190045,-0.6678834,-0.923806065,C1
-0.910720597,-0.462317003,-1.043867459,C1
-1.05779187,-0.35317425,-0.979197398,C1
-0.776026147,-0.149957052,-0.807664141,C1
-1.048269493,0.0010169594971266016,-0.920756551,C1
-1.26244087,-0.479176128,-1.184715474,C1
-1.26447319,-0.262508246,-0.828928607,C1
-1.140897323,-0.389494564,-0.727020881,C1
-0.387136029,-0.372917134,-0.970689855,C1
-0.59539904,-0.277500709,-0.858159942,C1
-0.465220517,-0.126356778,-0.837156393,C1
-0.594684436,-0.088142356,-0.961266889,C1
-0.777061295,0.31237904045977505,-0.676592027,C1
-1.129797177,-0.246636355,-0.792523465,C1
-0.984191505,-0.239017441,-0.680217365,C1
-1.289811697,-0.162365052,-0.936983436,C1
-0.744217573,-0.27610895,-0.714647473,C1
-1.049273617,-0.034455992,-1.136908134,C1
-1.026856466,-0.124045448,-1.014983836,C1
-0.479266202,-0.140523766,-0.646905829,C1
-0.839926541,-0.140868788,-0.768503141,C1
-0.967821664,-0.20628696,-0.76136114,C1
-0.671721126,-0.698388344,-0.507654251,C1
-0.591428661,-0.439820289,-0.811754143,C1
-0.766937477,-0.254705091,-0.794682905,C1
-0.784867138,-0.159280217,-0.72649238,C1
-0.200172066,-0.137486184,-1.275783424,C1
-0.801450441,0.24822323710379973,-0.836289533,C1
-0.759548881,-0.295213788,-1.032974151,C1
-0.422052938,-0.305321709,-0.831246724,C1
-0.678914084,-0.376933372,-0.898480634,C1
-0.863096208,-0.302856829,-0.565232925,C1
-0.722284817,-0.430609601,-0.902634331,C1
-0.417017021,-0.035672002,-0.597363431,C1
-0.471507096,-0.326307823,-0.817954139,C1
-0.766632484,-0.195244113,-0.482677876,C1
-0.551012733,-0.228068012,-0.440856229,C1
-0.716160884,-0.215249471,-0.77714137,C1
-0.644701929,-0.082187316,-0.818609539,C1
-0.341631234,0.13101556253277738,-0.51228986,C1
-0.537297186,0.04124601887650221,-0.629154408,C1
-0.866881413,-0.01391675,-0.79369777,C1
-0.116430908,-0.035995192,-0.600194649,C1
-0.8385561,-0.181079219,-0.206824102,C1
-0.111452404,-0.185579038,-0.57510915,C1
-0.546374024,-0.128106765,-0.398439024,C1
0.008369843973117852,-0.160750468,-0.108171295,C1
-0.492535544,-0.052582429,-0.449391635,C1
-0.677335267,0.05627542187005613,-0.346988607,C1
-0.130752358,-0.020333355,-0.213799449,C1
-0.533941919,-0.237476372,-0.295844117,C1
-0.337333517,0.0024679345003255724,-0.034670753,C1
0.0424326998413061,0.4000929248647438,-0.146444775,C1
0.27937687385466103,-0.074321132,-0.25387205,C1
0.12393244740803905,-0.229485209,-0.161340435,C1
-0.266517918,0.16386200187417357,-0.528482936,C1
-0.220814168,-0.131755101,-0.212462659,C1
0.12271558384802891,-0.389324401,-0.557334713,C1
-0.294158313,-0.296659309,0.08024342740342189,C1
-0.260520167,0.1627411324493119,-0.072370744,C1
-0.049199294,-0.079355443,0.13558023872628022,C1
0.27029465937057634,0.17030837672546467,-0.159160497,C1
-0.003010519,-0.471583949,0.24101389457130912,C1
0.24013504235672142,-0.088393049,0.2215771746053425,C1
-0.237406082,-0.054025133,0.15199669228767257,C1
-0.130058523,-0.085366051,-0.069057846,C1
0.02256099672261426,0.3093857495128012,0.15001132673016826,C1
-0.015226742,-0.151546612,-0.107588501,C1
-0.121796212,-0.336128331,0.16981832119733156,C1
0.03891258227538485,0.1498839942713627,0.06449534514001326,C1
0.5043773082152709,-0.022113835,0.2409207708465343,C1
0.348038632419038,0.0531883533270094,0.415613147,C1
0.3805439903133269,-0.330569121,0.15988515581393084,C1
0.2881281698756797,-0.07499421,0.4191052606938924,C1
0.29552265711233194,0.1740980659700188,0.2806483426494941,C1
0.3861238826333502,-0.115962001,0.43491714928926606,C1
0.4530903962626103,0.22059975570982585,0.12754675443288516,C1
0.3054265222065039,0.2696377288266681,0.2393026810780938,C1
0.5037122707445894,-0.03966881,0.5947406948998009,C1
0.39173098976495047,-0.374365424,0.5571406536754704,C1
0.04710735903703689,-0.07778509,0.25248227186496786,C1
0.08566004754322751,-0.023441796,0.5629142262397454,C1
0.038907685326261765,0.09972447662041103,0.6357229010199885,C1
0.3721129665930495,0.1715078579331416,0.47504697453079525,C1
0.0001597846973818151,0.28420025583565317,0.5753553276955488,C1
0.5057868164715145,-0.043603823,0.6422230905026085,C1
0.3671072368130221,-0.365591426,0.1380680447558128,C1
0.5262099713696218,-0.273776809,0.433214367929268,C1
0.47513837802818265,-0.042048281,0.6207373003698543,C1
0.6140452061198516,0.053361871265197744,0.24667579784473187,C1
0.4947730357942193,-0.336613989,0.543074808669637,C1
0.8141129008916973,-0.11092533,0.5624370161197936,C1
0.08905706635350774,0.14385410298583134,0.6393323547869003,C1
0.6133748852254547,-0.509168812,0.7551504821250297,C1
0.732735951050665,-0.070131632,0.6489238287094307,C1
0.798231341477597,0.1591978239328012,1.1606185006772887,C1
0.6576565727160052,-0.095051764,0.7622261621582037,C1
0.5159578338428472,0.3384133543726934,0.6223954742027996,C1
0.20768692236404973,-0.123827117,0.9422360905053808,C1
0.6637910094006737,-0.059296232,0.7057971615347455,C1
0.40227246534194205,0.33899790203846025,0.807889333339825,C1
0.6686518768831827,-0.34866965,0.8057370386415368,C1
0.5529416862229164,0.3217548446986109,0.44556127468249124,C1
0.5913533536432422,0.12965074473592708,0.4429295046744238,C1
0.6998078929009998,-0.025456141,0.7352858667497291,C1
0.8286048517744969,-0.398620092,0.37015256879760294,C1
0.9781446110234644,-0.0571068,1.1047003247847305,C1
0.9591307921894138,-0.384377586,0.6881833141977395,C1
0.9592786045452021,-0.307178515,1.1420330327926362,C1
0.6203907408764413,0.18499614033773032,1.1229281096620363,C1
0.892831736086657,-0.128725399,1.014563734330112,C1
0.9934312600847188,0.3294364924342671,0.7391249229751701,C1
0.8610001661538139,-0.327078627,0.7413116584188233,C1
0.9510100969075576,-0.280251868,0.8640652380877439,C1
0.5306145306172384,0.11070312922749542,0.884783632001096,C1
0.9251790147897936,-0.41072037,1.1512086580008831,C1
1.146450412912245,-0.042963248,0.9965631251698046,C1
0.7199275540292794,-0.282595836,0.8497882617589195,C1
0.606946315301124,0.1698441071469241,0.8598347162433199,C1
1.2341919919467672,-0.471270291,1.1950416053090298,C1
0.9033181158877154,-0.5352656,0.8232237419230279,C1
0.9205908304287549,0.0956473611477891,1.036007175715316,C1
0.966513366723072,-0.1807143,1.1076273404640917,C1
0.9658721956057801,-0.087771621,1.2856797352627636,C1
1.1507544571171544,-0.328073495,1.2525768372930666,C1
0.8676456209203189,-0.158818919,0.9101714858268108,C1
0.9649195273191397,-0.391797088,1.0592286672861664,C1
0.9938101810032574,-0.537462161,0.902835245401604,C1
1.2727178527679621,-0.332774093,0.9411139762755579,C1
0.9919504360972762,-0.285764581,1.2883464374736462,C1
1.28430452798065,-0.316152727,1.127482183717793,C1
1.003450331174019,-0.488908068,0.8502445366517226,C1
1.168114299275343,-0.434946615,0.9532390619715817,C1
1.0609309341841295,-0.603406926,0.9120831773145893,C1
1.1944934832336258,-0.601459404,1.0215484645023185,C1
0.6170823307153182,-0.807850133,1.0665059810980273,C1
1.610524831496126,0.04702698399015626,1.359516687545089,C1
0.9841902439763031,-0.159556315,0.8985531280706132,C1
0.9195437103517908,-0.281335225,1.2534485345271653,C1
1.6120012837492579,-0.151206371,0.8226947537679554,C1
1.039257122683353,-0.539779977,0.8875545255568551,C1
1.1915569541475295,-0.517696424,0.9846513543610428,C1
1.1125991363720704,-0.57328063,0.8718514966521762,C1
1.3273722109287953,-0.378716436,1.3446791928507116,C1
1.258063872749616,-0.151630397,0.7601451793611914,C1
1.0237576979192706,-0.317498129,0.8356862350631823,C1
1.1941326311012,-0.222694356,0.882856270032031,C1
1.312300003214202,-0.385565744,1.0858426232193503,C1
1.2237830057766916,-0.069426475,0.44645310679682915,C1
1.0519654391978028,-0.286425317,0.8559229544130008,C1
1.190467218950634,-0.664229902,0.8481540016992991,C1
1.4811141768051432,-0.413462897,0.5510666676043083,C1
1.335252293888218,-0.466853509,0.9688479713425742,C1
1.473012417626675,-0.528431746,0.767166043215453,C1
1.3022632344527967,-0.304771954,0.6664481067276906,C1
1.730730144685924,-0.78722081,0.8831172911080628,C1
1.308974280251684,-0.976500001,0.49888392619024113,C1
1.3111193046522744,-0.241926775,0.6835611762685774,C1
1.1281009717447765,-0.715897937,0.6269014652789553,C1
1.3588568651432853,-0.52578774,0.8112434894559943,C1
1.5614476396774686,-0.58569185,0.5586199098652856,C1
1.5924911423044743,-0.451757629,0.39746447450825495,C1
1.354698043446228,-0.657790324,0.6320115718789109,C1
1.577905678406093,-0.797781637,0.6250281109145042,C1
1.4925740827704626,-0.820857222,0.7930260664252263,C1
1.4916147499431522,-0.492943257,0.699519672463338,C1
1.4838451680273148,-0.469709593,0.13748612952863837,C1
1.6697901677422617,-1.10995192,0.5045483946590129,C1
1.2021062478250992,-0.701251156,0.014685251979755454,C1
1.5976393713957093,-0.610117363,0.3746712982919931,C1
1.3843949593296399,-0.628735394,0.7301147816032995,C1
1.1752065052916647,-0.688235516,0.7406296049689226,C1
1.1195222866437098,-0.751034279,0.08058344647568594,C1
1.258725657000945,-1.197702766,0.4681947288557282,C1
1.5631404075069752,-0.631731121,-0.019244231,C1
1.5871983172661859,-0.952557507,0.24588999249635016,C1
1.464045436951327,-0.884974099,0.44099109802588954,C1
1.978774499166725,-0.968336253,0.35067301488147623,C1
1.64521336552174,-1.097978393,0.27871119525652277,C1
1.5378954790434518,-0.857192001,0.20849333566024286,C1
1.3337422041754978,-0.797069834,0.5552449288268262,C1
1.5274339471182745,-0.663742107,-0.007543969,C1
1.5200078233783132,-0.788070652,0.2819297788309929,C1
1.4614201554827053,-0.85799462,0.37739039037664046,C1
1.7170481907759705,-1.115363202,-0.257480503,C1
0.9494993964249328,-0.937489732,0.4126403793715039,C1
1.3457209621264543,-1.11682072,-0.096873763,C1
1.2169596568695895,-1.077386159,0.10551823377548106,C1
1.4764155491373994,-1.185932398,-0.00896491,C1
1.7154526823801546,-0.813578664,0.019604267106489544,C1
1.6709423431331434,-0.787969474,0.04073642219508289,C1
1.8015425013097632,-1.091660057,-0.106910917,C1
1.447468506244894,-1.063511027,0.21014384002112962,C1
1.4239715083073585,-0.865290608,-0.541414474,C1
1.5171797161300595,-0.957782066,-0.075326441,C1
1.7248304702618311,-1.20089781,-0.212808514,C1
1.8183422447086441,-1.219902314,-0.191387335,C1
1.3459296645278298,-1.01353817,-0.339318333,C1
1.6781604371556398,-0.879969458,-0.334307054,C1
1.6412700368068032,-1.273858859,0.06892812495734035,C1
1.5463182424909452,-0.625272437,-0.454165646,C1
1.3798849561731914,-1.11638209,-0.494439341,C1
1.6750923718192863,-0.980556286,0.1005180470064364,C1
1.4055939128942245,-1.051363464,-0.384016718,C1
1.7298834539801495,-1.170752981,-0.507280921,C1
0.8962816404167495,-1.076089806,-0.590071072,C1
1.7397267466289472,-1.322088485,-0.295829303,C1
1.7179279829474707,-1.171390684,-0.370752507,C1
1.3177815791674479,-1.319719675,-0.649061053,C1
1.5341386355110824,-1.290467242,-0.152114523,C1
1.4155588452921397,-1.550760074,-0.586248308,C1
1.3457538487246048,-1.00253719,-0.536181084,C1
0.9611931330019208,-1.648376413,-0.381074472,C1
1.4627150343074127,-0.973773052,-0.416295239,C1
1.3734899618271474,-1.516228052,-0.682407396,C1
1.10178141867821,-1.059791624,-0.574089571,C1
1.2866998556329259,-1.119593239,-0.597057842,C1
1.4043261096003326,-1.601424465,-0.908124321,C1
1.1962589238644232,-1.546760054,-0.184487587,C1
1.5013411151258784,-1.403592791,-0.737550698,C1
1.3475155990201189,-1.319451908,-0.773764771,C1
1.464893614284808,-1.238918136,-0.512802467,C1
1.2677370717711247,-1.356892066,-0.835988188,C1
1.7322879140408531,-1.111837057,-0.712741677,C1
1.2530149146576166,-1.775847376,-0.429059894,C1
1.1901913913024964,-1.144845659,-0.957897045,C1
1.4947435430736118,-1.728005293,-1.06867616,C1
1.1986175267431785,-1.30336801,-0.956705676,C1
1.2811124636791924,-1.552398107,-0.628378664,C1
1.5623353659438823,-1.516386144,-1.035644527,C1
1.539246871865361,-1.027135566,-0.970127195,C1
1.3440663249577516,-1.338706079,-0.916157294,C1
1.1247525341477875,-1.389627412,-0.954481148,C1
1.3271897548104612,-1.399262032,-0.860749145,C1
1.62928364538738,-2.015318879,-0.695003185,C1
0.7574184036743817,-1.779761719,-0.779257905,C1
1.2068240203925467,-1.79507861,-0.773810805,C1
1.273203531461671,-1.291392076,-0.91361307,C1
1.4748640507120376,-1.657697608,-0.773380141,C1
1.2689351914329634,-1.75273143,-0.938437199,C1
1.1992330150537964,-1.626578874,-1.056808208,C1
0.9999648013305322,-1.661519645,-0.775290942,C1
1.2023214267850604,-1.688745808,-1.121604959,C1
0.7696433293411153,-1.824901825,-0.480140491,C1
1.2069786159206566,-1.305733994,-0.785167763,C1
1.4749512095922803,-1.885473667,-1.317447256,C1
1.4328536589861813,-1.750101875,-1.254090135,C1
0.999917069685088,-1.650753714,-0.706114478,C1
1.0666223765977214,-1.853259359,-0.986448227,C1
1.3051883301104812,-1.828263598,-1.290489943,C1
1.3759111688211634,-1.352420969,-1.105411864,C1
1.128330564294975,-1.76592668,-0.911401002,C1
1.3605955777248573,-1.586882986,-1.015921239,C1
0.6524494066614036,-1.66135299,-0.86024088,C1
1.0551113467185307,-1.691924271,-1.111805716,C1
0.9922175917795351,-1.61620507,-1.397242865,C1
1.0299433535330407,-1.91352653,-1.301683203,C1
0.8909879331456677,-1.904993169,-1.265173353,C1
0.9714246539726024,-1.675655551,-1.08216387,C1
0.9609701760836183,-1.856359867,-1.0546216,C1
0.9813345718666753,-1.933157776,-1.109679169,C1
0.7522478301899798,-1.655920806,-0.872572576,C1
0.9115362995555967,-1.95793321,-1.150466308,C1
1.1855103495760182,-1.640562183,-1.227139425,C1
0.6895998619066962,-1.811198026,-0.862729791,C1
0.6936452565934575,-2.035676697,-0.836081339,C1
0.8442424219968759,-2.096554995,-0.972506967,C1
0.8562154072869077,-1.8623348,-0.800285588,C1
0.9786980686951281,-1.570107825,-0.918321551,C1
0.7146038592921851,-1.881308516,-0.822409778,C1
0.7733715782774808,-1.83685771,-0.869633422,C1
0.8405741603990866,-1.980679628,-0.691930306,C1
0.8515843768754487,-2.001813301,-0.755915657,C1
0.611817770006064,-1.91173757,-1.005825328,C1
0.7602080470768273,-1.599636907,-0.808176414,C1
0.5174180758275607,-1.670418969,-0.776901006,C1
0.6396437679679394,-1.83159797,-0.396323588,C1
0.7989547371327121,-2.158333773,-0.749560306,C1
0.9917229690349086,-1.640327454,-0.796301586,C1
0.8126292695448641,-1.707136406,-0.821048437,C1
0.44452883235161345,-1.967200935,-0.408386704,C1
0.5902322051784528,-1.852006525,-0.475102767,C1
0.6670229430782304,-2.284701799,-0.587268146,C1
0.6198497935112245,-2.15113255,-0.923774387,C1
0.431101475706687,-2.007357384,-0.304155149,C1
0.6437482010175148,-1.795063976,-0.834322091,C1
0.6237826677279508,-2.198946982,-0.617576879,C1
0.6812167859952792,-1.592871321,-0.82140141,C1
0.6372838806487975,-2.051553346,-0.685722313,C1
0.12325094824121408,-1.751049464,-0.319165659,C1
0.5803374314722979,-1.951736728,-0.683619753,C1
0.13454538110957176,-1.709307312,-0.616757898,C1
-0.061725278,-2.380823525,-0.329576826,C1
0.370136174443247,-2.07542498,-0.343789626,C1
0.5356102395863718,-2.031942781,-0.158029283,C1
0.3224384852098946,-2.166716512,-0.57693028,C1
0.15259277530218296,-2.04856592,-0.588777746,C1
0.18068278293190976,-1.887690474,-0.15458012,C1
0.18290949434296544,-2.130775878,-0.132271522,C1
0.2497957566729539,-1.720868164,-0.290401135,C1
0.5335658623741618,-1.58988142,-0.347436768,C1
0.3591140546020611,-2.174927255,-0.188696599,C1
0.3606039110906907,-2.244964674,-0.565652889,C1
-0.019412046,-2.327751626,-0.669655903,C1
0.21677473924554141,-1.829110671,-0.456879296,C1
0.2498707731767255,-1.821896281,-0.428446213,C1
0.06900027604275777,-2.207474513,0.2781255584896659,C1
-0.04566724,-1.935972986,0.2118708770962714,C1
-0.12961049,-2.152264853,0.011074528323177762,C1
0.3895170067266327,-1.820824858,0.14958228536595003,C1
0.31636214032595245,-1.912589766,-0.01360505,C1
-0.110834896,-1.892635761,0.18582314384691265,C1
0.04276654449000154,-2.12092186,-0.240874988,C1
-0.358236644,-2.128154469,-0.144093705,C1
0.4385313635639898,-2.140003799,0.10724400605736364,C1
-0.282658035,-1.928374381,0.16663275728094484,C1
-0.040078946,-1.700383325,0.21691911106593526,C1
0.05584932335215914,-2.027811712,0.09205880877369385,C1
-0.12485659,-1.972787495,0.06307674456291985,C1
-0.278547966,-1.90327998,0.3345828519599363,C1
0.16343098743247098,-1.98264381,0.05967144632633117,C1
-0.331215661,-1.954365776,0.31921747196662864,C1
0.013585149762515653,-1.998145644,0.5306238179291636,C1
-0.047983733,-1.998069374,0.059919963822103045,C1
-0.072016608,-1.452112519,0.3840194316645811,C1
-0.092906259,-1.930526644,0.47898822460299306,C1
-0.322481215,-2.079008158,0.30674258251581205,C1
0.04643710669175516,-1.95127901,0.5878407257399657,C1
-0.417712293,-1.604284426,0.06132992942128662,C1
-0.098507207,-2.037318697,0.4557568481262474,C1
-0.237648373,-2.074268753,0.3652770771305391,C1
0.05964568085140037,-1.978203936,0.6717382194675903,C1
-0.247332646,-1.891082822,0.07336369220801348,C1
-0.582474307,-1.818827322,0.2816511617701775,C1
-0.662523875,-2.051223846,0.8537143964889734,C1
-0.421361325,-1.858815073,0.56004652959193,C1
-0.422626724,-1.826700147,0.6311679421939873,C1
-0.597457948,-1.917493279,0.6228916048638748,C1
-0.810467927,-2.080206337,0.5215480665488658,C1
-0.521364695,-1.420584813,0.5630515670450534,C1
-0.531501608,-1.804410937,0.9879611372383769,C1
-0.46149227,-2.218918196,0.6717923554330758,C1
-0.523858011,-2.328389358,0.8942934570317764,C1
-0.355086387,-1.822787554,0.4177050914403528,C1
-0.442263662,-1.890361663,0.7333888896928595,C1
-0.32863531,-1.895203034,1.071732158606845,C1
-0.662079835,-1.893567904,0.5824548454485242,C1
-0.426883093,-2.095944549,0.6571046292595903,C1
-0.813838085,-2.012766337,0.8870399283544624,C1
-0.519491416,-2.098933076,0.9665761572996819,C1
-0.882161048,-1.987406864,0.9905318169382794,C1
-0.834101932,-1.778665694,1.2521100866204622,C1
-1.115768957,-1.744305802,0.4664677531354839,C1
-0.980185873,-1.711540966,0.9957704491924902,C1
-0.706314895,-1.989039192,0.8805413650605437,C1
-0.778447361,-2.196734283,0.8172907911580771,C1
-0.853030938,-1.900805398,0.884286941878679,C1
-0.668879142,-1.69076798,0.6586004036459978,C1
-0.859440577,-1.505876541,0.9352635472853746,C1
-0.844819833,-1.721414285,1.0394103029833306,C1
-0.831920804,-1.902784284,0.9646998673255154,C1
-1.05913313,-1.950946548,1.01385157434867,C1
-0.57588408,-1.735136694,0.7818472349216166,C1
-0.760913827,-1.919446453,0.6229680984816219,C1
-0.764939532,-1.943029028,1.2326708555404013,C1
-1.125574056,-1.851229486,0.9399365326169831,C1
-0.913050031,-2.084490267,1.464357614623239,C1
-1.064052964,-1.629706218,0.965810017586173,C1
-0.585319176,-1.838043986,0.8912077652335769,C1
-0.841453995,-1.580425351,0.9367951639172789,C1
-1.14545039,-1.730196944,1.1251771617926478,C1
-0.804371162,-1.967208652,1.052006792070784,C1
-1.189089057,-1.893939192,1.031015584683394,C1
-0.968295017,-1.631839831,0.9213332547599957,C1
-1.018984622,-1.419390216,1.103721287479447,C1
-1.50488466,-1.760654084,1.4642670934926616,C1
-1.00494166,-1.946082766,1.2687759587684504,C1
-1.343503913,-1.831076384,1.287967177744545,C1
-0.91386325,-1.516658002,0.9284929796114093,C1
-0.97399351,-1.60859442,1.251324367997725,C1
-1.310833826,-1.437860528,1.233215164675387,C1
-1.461924156,-1.755826788,0.8118694523674664,C1
-1.331418618,-1.514997918,1.033987083465857,C1
-1.226210331,-2.053482628,1.1129754681959234,C1
-0.997058898,-1.754962834,0.8480157735753001,C1
-1.057386022,-1.748073215,0.8012143705273972,C1
-1.351487298,-1.874616778,1.3227809530619972,C1
-1.098325762,-1.603064373,1.1537877655385538,C1
-1.313225471,-1.444259367,1.1425238960350141,C1
-1.200419044,-1.461811546,0.5321580801893855,C1
-0.937584748,-1.439284936,0.8379649389747525,C1
-1.205444554,-1.497608262,0.8319664989223822,C1
-1.290988877,-1.26547264,0.9655855104311353,C1
-1.085594261,-1.625897883,1.1712455175762775,C1
-1.496491697,-1.581784789,0.9696215185736778,C1
-1.086565582,-1.826470017,0.6870266652123145,C1
-1.155876619,-1.416433929,1.000419790156446,C1
-1.287701502,-1.008216995,0.9073728018229358,C1
-1.504533053,-1.513755739,1.157588659578624,C1
-1.394192657,-1.521931423,0.6356684241975425,C1
-1.376307917,-1.242124029,0.798757307983255,C1
-1.403551185,-1.450778466,1.057969551952295,C1
-1.47048572,-1.645706621,0.7066248038411695,C1
-1.295367743,-1.27794784,0.7279940650426296,C1
-1.370314799,-1.217325146,0.7297650048383424,C1
-1.22932246,-1.065580407,0.8696384547978306,C1
-1.434743781,-1.439979155,0.7845056141618599,C1
-1.284411228,-1.103368839,0.7533503342225021,C1
-1.305785047,-1.103131649,0.6988409938289344,C1
-1.191440626,-1.754777435,0.6616869524563596,C1
-1.344820766,-1.389001833,0.8492231346331439,C1
-1.404604426,-1.874599674,0.8308045417626363,C1
-1.587920484,-1.541503,0.5969503829133521,C1
-1.125664561,-1.208725864,0.8601898561419421,C1
-0.996232805,-1.234460093,0.48626423016615106,C1
-1.622301289,-1.529849074,0.34924770708786823,C1
-1.592475211,-1.106766662,0.6074419118680441,C1
-1.410871511,-1.564713301,0.5601377382420415,C1
-1.652276637,-1.379426218,0.7690411769061115,C1
-1.591317273,-1.199525272,0.2901114264173158,C1
-1.376781848,-1.06860083,0.07674899428608317,C1
-1.586629839,-0.903589994,0.19258698511456981,C1
-1.483564661,-1.450336917,0.4693152118234318,C1
-1.52600619,-1.048334654,0.23556493588391464,C1
-1.650336572,-1.087736789,0.04046890331584957,C1
-1.229244425,-1.052459199,0.42180480961945643,C1
-1.157272238,-1.237580758,0.29798948219757954,C1
-1.377030049,-0.963638576,0.2082445006549915,C1
-1.504554856,-1.180427091,0.578133018081386,C1
-1.316669959,-1.096437045,0.05026668491733924,C1
-1.269773552,-1.108145725,-0.040912682,C1
-1.115383222,-1.418451919,0.0747059464732185,C1
-1.666957395,-0.998388218,-0.101349796,C1
-1.442968309,-1.050404271,-0.252243792,C1
-1.134639696,-1.156339659,-0.153570315,C1
-1.567080258,-1.14619617,-0.261680712,C1
-1.132534082,-1.185144203,0.050900294069688296,C1
-1.562055627,-0.804920905,0.030179868885236383,C1
-1.502273999,-0.855587349,0.027385828487890337,C1
